platform_id,platform_name,category,content,main_use,official_url,programmatic_access,typical_formats,requires_account,access_restrictions,platform_paper_title,platform_paper_url,notes,verified_date
PF001,CELLxGENE Discover,data_platform,标准化单细胞数据集合与Census,浏览、筛选和下载标准化单细胞数据,https://cellxgene.cziscience.com/,CELLxGENE Census API; download links,h5ad; SOMA,no for most public data,dataset-specific licenses,"CZ CELLxGENE Discover: a single-cell data platform for scalable exploration, analysis and modeling of aggregated data",https://doi.org/10.1101/2023.10.30.563174,平台不是单一数据集；Census持续更新。,2026-08-21
PF002,NCBI GEO,data_platform,功能基因组研究、矩阵、元数据及SRA链接,通过GSE/GSM检索表达数据,https://www.ncbi.nlm.nih.gov/geo/,NCBI E-utilities; GEOquery; FTP,SOFT; MINiML; TXT; supplementary files,no,raw human data may be in controlled archives,NCBI GEO: archive for functional genomics data sets—update,https://doi.org/10.1093/nar/gks1193,GEO通常提供处理后数据，原始reads常转到SRA。,2026-08-21
PF003,Human Cell Atlas,data_platform,人类跨组织、疾病和发育细胞图谱项目,发现HCA项目、元数据和矩阵,https://data.humancellatlas.org/,HCA APIs; project-specific portals,h5ad; matrix; BAM; FASTQ,sometimes,project- and consent-specific,The Human Cell Atlas,https://doi.org/10.7554/eLife.27041,HCA是联盟与数据生态，不是一份矩阵。,2026-08-21
PF004,Broad Single Cell Portal,data_platform,单细胞研究、交互图与下载文件,按研究浏览和下载处理后数据,https://singlecell.broadinstitute.org/single_cell,public API endpoints; study downloads,matrix; metadata; h5ad/RDS depending on study,sometimes,study-specific,Single Cell Portal (Broad Institute data platform),https://singlecell.broadinstitute.org/single_cell,某些研究只在登录后下载。,2026-08-21
PF005,EMBL-EBI Single Cell Expression Atlas,data_platform,统一流程重新分析的单细胞研究,浏览表达、marker并下载标准化结果,https://www.ebi.ac.uk/gxa/sc/home,Expression Atlas APIs; FTP,MTX; TSV; SDRF,no,source-study terms,Expression Atlas update: from tissues to single cells,https://doi.org/10.1093/nar/gkaa091,重新分析版本可能与原作者处理不同。,2026-08-21
PF006,PanglaoDB,data_platform,人和小鼠scRNA-seq聚合数据与marker,marker查询、细胞类型与SRA研究筛选,https://panglaodb.se/,bulk downloads; web queries,RData; CSV/TSV,no,source-study licenses,PanglaoDB: a web server for exploration of mouse and human single-cell RNA sequencing data,https://doi.org/10.1093/database/baz046,聚合平台中的每个样本仍应引用原始研究。,2026-08-21
PF007,ENA,data_platform,核酸原始序列和组装数据,下载FASTQ、CRAM、元数据,https://www.ebi.ac.uk/ena/browser/home,ENA Browser API; Portal API; FTP,FASTQ; CRAM; XML; TSV,no for open data,controlled human data not in open ENA,The European Nucleotide Archive in 2020,https://doi.org/10.1093/nar/gkz1063,适合原始reads，不等同处理后单细胞矩阵。,2026-08-21
PF008,GSA,data_platform,基因组与转录组原始测序归档,通过CRA/CRR等编号获取原始数据,https://ngdc.cncb.ac.cn/gsa/,HTTPS/FTP; metadata pages,FASTQ; BAM; metadata tables,sometimes,GSA-Human受控数据需申请,The Genome Sequence Archive Family: toward explosive data growth and diverse data types,https://doi.org/10.1093/nar/gkaa1022,GSA与GSA-Human访问机制不同。,2026-08-21
PF009,ImmPort,data_platform,免疫学实验、临床和组学研究,获取免疫学研究数据和元数据,https://www.immport.org/,ImmPort data download/API tools,CSV; TXT; study-specific omics files,yes for downloads,registration and data use terms,ImmPort: disseminating data to the public for the future of immunology,https://doi.org/10.1111/imr.12442,访问需要注册；受控研究还可能有额外条款。,2026-08-21
