dataset_id,name,paper_doi,accession,species,system,modality,perturbation_type,control_type,purpose,primary_url,data_version,file_format,file_size_reported,access_condition,verification_status,verification_date,existing_module,notes
dixit_2016,Dixit 2016 Perturb-seq,10.1016/j.cell.2016.11.038,GSE90063,human,K562,scRNA-seq,CRISPRi,non-targeting guide,基因扰动,https://www.ncbi.nlm.nih.gov/geo/query/acc.cgi?acc=GSE90063,pending,fastq+counts,pending,public,verified,2026-09-07,gears,"已在gears模块登记"
norman_2019,Norman 2019 CRISPRa,10.1126/science.aax4438,GSE133344,human,K562,scRNA-seq,CRISPRa (single+combinatorial),non-targeting guide,基因扰动,https://www.ncbi.nlm.nih.gov/geo/query/acc.cgi?acc=GSE133344,pending,fastq+counts+h5ad,pending,public,verified,2026-09-07,"cellcap;gears;perturbnet;scperturb","已在4个模块登记；官方代码Perturbseq_GI"
replogle_2022,Replogle 2022 CRISPRi,10.1016/j.cell.2022.06.034,GSE146194+gwps,human,"K562;RPE-1",scRNA-seq,CRISPRi (genome-scale),non-targeting guide,基因扰动,https://gwps.wi.mit.edu/,pending,counts+h5ad,pending,public,verified,2026-09-07,"gears;xcell","补充包figshare 21632564不是完整单细胞数据"
sciplex_2019,sci-Plex 药物扰动,10.1126/science.aax6234,GSE139944,human,"K562;A549;MCF7",scRNA-seq,药物 (180种),vehicle,药物扰动,https://www.ncbi.nlm.nih.gov/geo/query/acc.cgi?acc=GSE139944,pending,fastq+counts,pending,public,verified,2026-09-07,perturbnet,"保留药物剂量细胞系重复对照标签"
perturb_cite_seq,Perturb-CITE-seq,10.1038/s41586-022-04727-x,SCP1064,human,"Jurkat;HEK293T",scRNA+protein (CITE-seq),CRISPRi,non-targeting guide,多组学扰动,https://singlecell.broadinstitute.org/single_cell/study/SCP1064,pending,processed matrix+h5ad,pending,public+DUOS controlled,verified,2026-09-07,,"处理后矩阵公开；原始数据DUOS受控需申请"
funk_2022,Funk 2022 图像表型,10.1016/j.cell.2022.10.017,S-BIAD394,human,HeLa,microscopy imaging,CRISPRi,non-targeting guide,图像表型,https://vesuvius.wi.mit.edu/,pending,images+features,pending,public,verified,2026-09-07,,"分别登记原始图像处理后图像单细胞特征基因级表型"
choose_2023,CHOOSE 类器官扰动,10.1126/science.add2516,"Zenodo 7083558;E-MTAB-13148;E-MTAB-13144;E-MTAB-13140",human,脑类器官,scRNA-seq+genotyping,CRISPRi,non-targeting guide,类器官扰动,https://zenodo.org/records/7083558,pending,Seurat RDS+fastq,pending,public,verified,2026-09-07,,"处理后Seurat对象Zenodo；原始数据ArrayExpress"
saunders_2023,Saunders 2023 zscape,10.1126/science.adi8176,GSE202639,zebrafish,胚胎,scRNA-seq,CRISPRi,non-targeting guide,胚胎体内扰动,https://www.ncbi.nlm.nih.gov/geo/query/acc.cgi?acc=GSE202639,pending,fastq+counts,pending,public,verified,2026-09-07,,"保留胚胎ID时间扰动批次细胞类型"
compressed_perturb_seq,Compressed Perturb-seq,10.1038/s41587-023-01964-9,FR-Perturb,human,K562,scRNA-seq,CRISPRi (compressed),non-targeting guide,压缩扰动,https://github.com/douglasyao/FR-Perturb,pending,fastq+counts,pending,public,verified,2026-09-07,,"分别登记conventional cell-pooling guide-pooling；混合液滴不能默认当成单个细胞"
